Company Name,Company Link
Ampersand,View profile
Accordent Technologies Inc.,View profile
2K,View profile
InStride,View profile
Restaurant365,View profile
CreatorIQ,View profile
The Walt Disney Company,View profile
Rue Gilt Groupe,View profile
Calm,View profile
Hot Topic Inc.,View profile
Artera,View profile
"Munchkin, Inc.",View profile
Block,View profile
GumGum,View profile
The Black Tux,View profile
Moov Financial,View profile
MobilityWare,View profile
Honeybee Robotics,View profile
HopSkipDrive,View profile
System1,View profile
